dns,info,reference
039b1ee.netsolhost.com,zeus (malware),abuse.ch
03a6b7a.netsolhost.com,zeus (malware),abuse.ch
03a6f57.netsolhost.com,zeus (malware),abuse.ch
03bbec4.netsolhost.com,zeus (malware),abuse.ch
0if1nl6.org,zeus (malware),abuse.ch
0x.x.gg,zeus (malware),abuse.ch
1st.technology,zeus (malware),abuse.ch
54g35546-5g6hbggffhb.tk,zeus (malware),abuse.ch
76tguy6hh6tgftrt7tg.su,zeus (malware),abuse.ch
adf.com.cy,zeus (malware),abuse.ch
afobal.cl,zeus (malware),abuse.ch
ahmedashid.com,zeus (malware),abuse.ch
akdenizklima.com.tr,zeus (malware),abuse.ch
aljazeera.kz,zeus (malware),abuse.ch
allfortune777.biz,zeus (malware),abuse.ch
analiticwebexperience.com,zeus (malware),abuse.ch
angryshippflyforok.su,zeus (malware),abuse.ch
anlacviettravel.com.vn,zeus (malware),abuse.ch
apple-trusted.com,zeus (malware),abuse.ch
arcelikpendikservisi.gen.tr,zeus (malware),abuse.ch
arvision.com.co,zeus (malware),abuse.ch
ashoesheestono.eu,zeus (malware),abuse.ch
atikcookies.co.id,zeus (malware),abuse.ch
atmape.ru,zeus (malware),abuse.ch
auto-fx.fr,zeus (malware),abuse.ch
avast-mail-security.download,zeus (malware),abuse.ch
axpoium.echange.su,zeus (malware),abuse.ch
az-armaturen.su,zeus (malware),abuse.ch
b.1s2.in.ua,zeus (malware),abuse.ch
baliwag.xyz,zeus (malware),abuse.ch
banana.dp.ua,zeus (malware),abuse.ch
baoshlda.com,zeus (malware),abuse.ch
bbwscimanuk.pdsda.net,zeus (malware),abuse.ch
beatyhousesupporte.su,zeus (malware),abuse.ch
bellinghambar.tk,zeus (malware),abuse.ch
bestboy.top,zeus (malware),abuse.ch
bestdove.in.ua,zeus (malware),abuse.ch
bethelmhss.com,zeus (malware),abuse.ch
bibrath.eu,zeus (malware),abuse.ch
bilgenart.com,zeus (malware),abuse.ch
bin1.kns1.al,zeus (malware),abuse.ch
bitters.su,zeus (malware),abuse.ch
bl1nqz8yrf7tgdsq.tk,zeus (malware),abuse.ch
blackhill.pp.ua,zeus (malware),abuse.ch
blog.raw-recruits.com,zeus (malware),abuse.ch
blogerjijer.pw,zeus (malware),abuse.ch
bolerakopsoa.pw,zeus (malware),abuse.ch
bots.configbinbots.info,zeus (malware),abuse.ch
branchtist.com,zeus (malware),abuse.ch
brausincsystem.pro,zeus (malware),abuse.ch
bright.su,zeus (malware),abuse.ch
brothersmt2.tk,zeus (malware),abuse.ch
burgerspendingbusiness.kz,zeus (malware),abuse.ch
burrinsurance.com,zeus (malware),abuse.ch
bytes.darktech.org,zeus (malware),abuse.ch
canadianonlineagreementservices.kz,zeus (malware),abuse.ch
capacitacion.inami.gob.mx,zeus (malware),abuse.ch
casher777soft.pw,zeus (malware),abuse.ch
cd31411.tmweb.ru,zeus (malware),abuse.ch
chambercb.tk,zeus (malware),abuse.ch
championbft.com,zeus (malware),abuse.ch
chezhiyasweheropasl.su,zeus (malware),abuse.ch
chhathpuja.com,zeus (malware),abuse.ch
ciceidr.top,zeus (malware),abuse.ch
cicero-dropbox.tk,zeus (malware),abuse.ch
circleread-view.com.mocha2003.mochahost.com,zeus (malware),abuse.ch
citricbenz.website,zeus (malware),abuse.ch
classicalbitu.com,zeus (malware),abuse.ch
codebacktowork2.tk,zeus (malware),abuse.ch
corefwdgroup.tk,zeus (malware),abuse.ch
cosmosdady.su,zeus (malware),abuse.ch
counter-1.adscounter.com.ua,zeus (malware),abuse.ch
cp53072.cloudhosting.lv,zeus (malware),abuse.ch
cp53091.cloudhosting.lv,zeus (malware),abuse.ch
crimunalbot001.ga,zeus (malware),abuse.ch
cryptmyexe.pw,zeus (malware),abuse.ch
cscomnsinc.tk,zeus (malware),abuse.ch
cupomkinghost.com.br,zeus (malware),abuse.ch
cy-m0ld.com,zeus (malware),abuse.ch
cynthialemos1225.ddns.net,zeus (malware),abuse.ch
daehoshipinc.tk,zeus (malware),abuse.ch
danislenefc.info,zeus (malware),abuse.ch
dasch.pl,zeus (malware),abuse.ch
dattinggate.com,zeus (malware),abuse.ch
dau43vt5wtrd.tk,zeus (malware),abuse.ch
dbimbem.axfree.com,zeus (malware),abuse.ch
debservers.pw,zeus (malware),abuse.ch
dejavu-now.tk,zeus (malware),abuse.ch
delaponitan.pw,zeus (malware),abuse.ch
depolakoeasre.pw,zeus (malware),abuse.ch
dereksing.top,zeus (malware),abuse.ch
deserado.tk,zeus (malware),abuse.ch
developer.cdn.com.kz,zeus (malware),abuse.ch
diagnosticdubai.com,zeus (malware),abuse.ch
difusoragoiania.com.br,zeus (malware),abuse.ch
diguing-store.net,zeus (malware),abuse.ch
dileconme.hotmail.ru,zeus (malware),abuse.ch
dino1.ddf.al,zeus (malware),abuse.ch
diosdelared.com.mx,zeus (malware),abuse.ch
dlauten.bplaced.net,zeus (malware),abuse.ch
dolcezzashop.com,zeus (malware),abuse.ch
domifondery.com,zeus (malware),abuse.ch
domifondery3d.com,zeus (malware),abuse.ch
dominoziele.pw,zeus (malware),abuse.ch
domnicpeter.in.net,zeus (malware),abuse.ch
donaldhoyes.tk,zeus (malware),abuse.ch
doratopelase.pw,zeus (malware),abuse.ch
dvantagecorp.com,zeus (malware),abuse.ch
eavgwy5suy.tk,zeus (malware),abuse.ch
emaillifecoaching.com.au,zeus (malware),abuse.ch
enginbilgidenizi.com,zeus (malware),abuse.ch
everbless.biz,zeus (malware),abuse.ch
evobank.co,zeus (malware),abuse.ch
exploit0day.top,zeus (malware),abuse.ch
extremesports.kz,zeus (malware),abuse.ch
f8b2b9.su,zeus (malware),abuse.ch
fadzulani.com,zeus (malware),abuse.ch
fapet.ipb.ac.id,zeus (malware),abuse.ch
felanco.heliohost.org,zeus (malware),abuse.ch
felceconserve.com,zeus (malware),abuse.ch
fileserver03.com,zeus (malware),abuse.ch
finalcrashtest.co.nz,zeus (malware),abuse.ch
finsolutions.top,zeus (malware),abuse.ch
foxlimited.top,zeus (malware),abuse.ch
foxmanwer.pw,zeus (malware),abuse.ch
frank1.ddf.al,zeus (malware),abuse.ch
franka.in.net,zeus (malware),abuse.ch
fretiolo.com,zeus (malware),abuse.ch
frevolore.com,zeus (malware),abuse.ch
fx45.pp.ru,zeus (malware),abuse.ch
ganhedwakar.tk,zeus (malware),abuse.ch
gate.timstackleshop.es,zeus (malware),abuse.ch
genteatsss.com,zeus (malware),abuse.ch
go.everli-killz.xyz,zeus (malware),abuse.ch
goodbytoname.com,zeus (malware),abuse.ch
google.poultrymiddleeast.com,zeus (malware),abuse.ch
googlepetkavanis4.pw,zeus (malware),abuse.ch
gorainbowzone.tk,zeus (malware),abuse.ch
gpdi-lippocikarang.com,zeus (malware),abuse.ch
greaternoakhali.net.bd,zeus (malware),abuse.ch
grupocava-mx.com,zeus (malware),abuse.ch
grupojpdecarvalho.com.br,zeus (malware),abuse.ch
gskpresident.tk,zeus (malware),abuse.ch
gyodundena.hotmail.ru,zeus (malware),abuse.ch
hanocomin.com,zeus (malware),abuse.ch
hdfc.pp.ru,zeus (malware),abuse.ch
henex.net.ua,zeus (malware),abuse.ch
hillalala.com,zeus (malware),abuse.ch
holydoome.co.uk,zeus (malware),abuse.ch
homedeco.com.bo,zeus (malware),abuse.ch
honestme.com.ua,zeus (malware),abuse.ch
hotelavalon.org,zeus (malware),abuse.ch
hruner.com,zeus (malware),abuse.ch
hui-ain-apparel.tk,zeus (malware),abuse.ch
hyperbolic.tk,zeus (malware),abuse.ch
ice.andromed.in.ua,zeus (malware),abuse.ch
ice.ip64.net,zeus (malware),abuse.ch
ieqpiracicaba.com.br,zeus (malware),abuse.ch
igor32.herbalbrasil.com.br,zeus (malware),abuse.ch
ijoe.xyz,zeus (malware),abuse.ch
illinoisnets.net,zeus (malware),abuse.ch
iltempo.com.au,zeus (malware),abuse.ch
imamnhearte.hotmail.ru,zeus (malware),abuse.ch
immaculate.tk,zeus (malware),abuse.ch
indianshippingservices.com,zeus (malware),abuse.ch
indongsang.com,zeus (malware),abuse.ch
ingenicopads.kz,zeus (malware),abuse.ch
interlogistics.com.vn,zeus (malware),abuse.ch
islenpiding.hotmail.ru,zeus (malware),abuse.ch
j0k3rj0k3r.tk,zeus (malware),abuse.ch
jaaphram.com,zeus (malware),abuse.ch
jacoblanderville.myjino.ru,zeus (malware),abuse.ch
jangasm.org,zeus (malware),abuse.ch
japanparts.pw,zeus (malware),abuse.ch
jayboyd.t15.org,zeus (malware),abuse.ch
jazmany.cu.ma,zeus (malware),abuse.ch
jgworldupd.com,zeus (malware),abuse.ch
joejdbjrmrkklfnmf.usr.me,zeus (malware),abuse.ch
joepussy.tk,zeus (malware),abuse.ch
johnluis33.tk,zeus (malware),abuse.ch
jomo.in.ua,zeus (malware),abuse.ch
joyclasses.eu,zeus (malware),abuse.ch
juanadearco.com.uy,zeus (malware),abuse.ch
jump1ng.net,zeus (malware),abuse.ch
junllian.net,zeus (malware),abuse.ch
junniper.mcdir.ru,zeus (malware),abuse.ch
jutebags.tk,zeus (malware),abuse.ch
jutrack.dp.ua,zeus (malware),abuse.ch
karma-bodrum.com,zeus (malware),abuse.ch
katagi-weblogs.lolipop.jp,zeus (malware),abuse.ch
kaydayeuti.axfree.com,zeus (malware),abuse.ch
kesikelyaf.com,zeus (malware),abuse.ch
kntksales.tk,zeus (malware),abuse.ch
kraonkelaere.com,zeus (malware),abuse.ch
krestenbv.nl,zeus (malware),abuse.ch
kudrnwosas.faith,zeus (malware),abuse.ch
kw34h-lithi-owo.tk,zeus (malware),abuse.ch
learninginstitute.co.uk,zeus (malware),abuse.ch
leo94dhgfyw-df87fb.tk,zeus (malware),abuse.ch
leon10.5gbfree.com,zeus (malware),abuse.ch
lifeisgoodwhenu2.info,zeus (malware),abuse.ch
lifestyles.pp.ru,zeus (malware),abuse.ch
links.heliohost.org,zeus (malware),abuse.ch
lion.web2.0campus.net,zeus (malware),abuse.ch
littwronthath.net,zeus (malware),abuse.ch
liveresellerweb.eu,zeus (malware),abuse.ch
livinglounges.su,zeus (malware),abuse.ch
luenhinpearl.com,zeus (malware),abuse.ch
lzediamike.trade,zeus (malware),abuse.ch
machine.cu.ma,zeus (malware),abuse.ch
mailslots.top,zeus (malware),abuse.ch
maminoleinc.tk,zeus (malware),abuse.ch
man-street.tk,zeus (malware),abuse.ch
marciaguthke.com,zeus (malware),abuse.ch
matt001.tk,zeus (malware),abuse.ch
megastats.top,zeus (malware),abuse.ch
metalexvietnamreed.tk,zeus (malware),abuse.ch
micheal766.info,zeus (malware),abuse.ch
mm266.bplaced.com,zeus (malware),abuse.ch
molowo.in.ua,zeus (malware),abuse.ch
monsierdroider.wang,zeus (malware),abuse.ch
movieofgoodies.kz,zeus (malware),abuse.ch
moviepaidinfullsexy.kz,zeus (malware),abuse.ch
muazymaur.tk,zeus (malware),abuse.ch
mycraft.com.br,zeus (malware),abuse.ch
myfcb.tk,zeus (malware),abuse.ch
mygoodness.in.ua,zeus (malware),abuse.ch
mymytonnymaxltd.org,zeus (malware),abuse.ch
naaninggeschcho.hotmail.ru,zeus (malware),abuse.ch
naijabids.co.uk,zeus (malware),abuse.ch
nancycemt1225.ddns.net,zeus (malware),abuse.ch
nasscomminc.tk,zeus (malware),abuse.ch
natlalirans.hotmail.ru,zeus (malware),abuse.ch
neorandom.dothome.co.kr,zeus (malware),abuse.ch
newversionpdun.in.net,zeus (malware),abuse.ch
nickysimon68.tk,zeus (malware),abuse.ch
nonstopeddanceraz.su,zeus (malware),abuse.ch
noonepa.tk,zeus (malware),abuse.ch
ns416017.ip-37-187-144.eu,zeus (malware),abuse.ch
ns511849.ip-192-99-19.net,zeus (malware),abuse.ch
ns513726.ip-192-99-148.net,zeus (malware),abuse.ch
obyno.xyz,zeus (malware),abuse.ch
ozowarac.com,zeus (malware),abuse.ch
p-alpha.ooo.al,zeus (malware),abuse.ch
panel.vargakragard.se,zeus (malware),abuse.ch
pedropedreiromoxik.su,zeus (malware),abuse.ch
petroyeda.com,zeus (malware),abuse.ch
pfengineering.com,zeus (malware),abuse.ch
pharirgatic.hotmail.ru,zeus (malware),abuse.ch
pharmaspan.com,zeus (malware),abuse.ch
phimsex4u.biz,zeus (malware),abuse.ch
platinum-casino.ru,zeus (malware),abuse.ch
poolkingsthailand.com,zeus (malware),abuse.ch
porschecosv.com,zeus (malware),abuse.ch
portal.100am100.kz,zeus (malware),abuse.ch
preapprovedloansoffline.kz,zeus (malware),abuse.ch
preapprovedloansonline.kz,zeus (malware),abuse.ch
presleywebs.uk.pn,zeus (malware),abuse.ch
prk.firstconf.3gb.biz,zeus (malware),abuse.ch
programtotalatoma.esy.es,zeus (malware),abuse.ch
projects.globaltronics.net,zeus (malware),abuse.ch
prtscrentercn.info,zeus (malware),abuse.ch
prtscrinsertcn.net,zeus (malware),abuse.ch
qbhcsope.com,zeus (malware),abuse.ch
rarabarnfi.hotmail.ru,zeus (malware),abuse.ch
regame.su,zeus (malware),abuse.ch
registerdrivegoogle.sytes.net,zeus (malware),abuse.ch
regsways.top,zeus (malware),abuse.ch
reimbergit.com.br,zeus (malware),abuse.ch
renasup-nord-de-france.fr,zeus (malware),abuse.ch
reserve.jumpingcrab.com,zeus (malware),abuse.ch
resr.configure.8c1.net,zeus (malware),abuse.ch
rexafajay.axfree.com,zeus (malware),abuse.ch
rfvn.vn,zeus (malware),abuse.ch
rhwndkf45.codns.com,zeus (malware),abuse.ch
ricasad.sx,zeus (malware),abuse.ch
rsslessons.su,zeus (malware),abuse.ch
ryuitaqw.pw,zeus (malware),abuse.ch
s1.eyeonmusica.it,zeus (malware),abuse.ch
sameetc.tk,zeus (malware),abuse.ch
samoniklo.pw,zeus (malware),abuse.ch
sandokan66.no-ip.info,zeus (malware),abuse.ch
sanyai-love.rmu.ac.th,zeus (malware),abuse.ch
sdhfjksdhfjksdh.biz.ua,zeus (malware),abuse.ch
sdspropro.co.ua,zeus (malware),abuse.ch
secufast.bplaced.net,zeus (malware),abuse.ch
secure.lynxbowlingservices.com,zeus (malware),abuse.ch
securetalk.cwsurf.de,zeus (malware),abuse.ch
securetestingnetwotk.com,zeus (malware),abuse.ch
server.bovine-mena.com,zeus (malware),abuse.ch
serverjainpangwang.pw,zeus (malware),abuse.ch
serversss.biz,zeus (malware),abuse.ch
servmill.com,zeus (malware),abuse.ch
sface549.tk,zeus (malware),abuse.ch
shadowraze.pw,zeus (malware),abuse.ch
shaktitextileengr.com,zeus (malware),abuse.ch
slivoratikam.pw,zeus (malware),abuse.ch
slot.sub-zero.it,zeus (malware),abuse.ch
smartfoodsglutenfree.kz,zeus (malware),abuse.ch
solubaba.tk,zeus (malware),abuse.ch
spartanr.5gbfree.com,zeus (malware),abuse.ch
speroni.pw,zeus (malware),abuse.ch
spotmarka.ap0x.com,zeus (malware),abuse.ch
ssl.sinergycosmetics.com,zeus (malware),abuse.ch
sslsam.com,zeus (malware),abuse.ch
stats.lead.mysitehosted.com,zeus (malware),abuse.ch
storroliko.club,zeus (malware),abuse.ch
sub.beirinckx.be,zeus (malware),abuse.ch
suryapolix.club,zeus (malware),abuse.ch
sus.nieuwmoer.info,zeus (malware),abuse.ch
sv1.eyeonmusica.it,zeus (malware),abuse.ch
svitor.hostev.net,zeus (malware),abuse.ch
systemhelpr.com,zeus (malware),abuse.ch
systemscfg.olympe.in,zeus (malware),abuse.ch
teachgalaxys.website,zeus (malware),abuse.ch
tech-dan.xyz,zeus (malware),abuse.ch
techakym.pw,zeus (malware),abuse.ch
techemeka.work,zeus (malware),abuse.ch
techmag.space,zeus (malware),abuse.ch
techmaha.pw,zeus (malware),abuse.ch
teeth.co.jp,zeus (malware),abuse.ch
tekadrian.pro,zeus (malware),abuse.ch
tekadrian.xyz,zeus (malware),abuse.ch
tekcharles.xyz,zeus (malware),abuse.ch
tekchuks.xyz,zeus (malware),abuse.ch
tekjoe.space,zeus (malware),abuse.ch
teksoft.pro,zeus (malware),abuse.ch
telefonfiyatlari.org,zeus (malware),abuse.ch
tesab.org.uk,zeus (malware),abuse.ch
thegreenwayup.com,zeus (malware),abuse.ch
thewindsorclinic.co.uk,zeus (malware),abuse.ch
toolsathomes.com,zeus (malware),abuse.ch
tradecharm.lt,zeus (malware),abuse.ch
traptrillhosts.top,zeus (malware),abuse.ch
tronuprising.heliohost.org,zeus (malware),abuse.ch
trust-s-b.com,zeus (malware),abuse.ch
tt.onmypc.org,zeus (malware),abuse.ch
turkeyhotelnoslafas.su,zeus (malware),abuse.ch
u0003321.cp.regruhosting.ru,zeus (malware),abuse.ch
u8781a21.pw,zeus (malware),abuse.ch
ugwebz.uk.pn,zeus (malware),abuse.ch
ukabenerji.com,zeus (malware),abuse.ch
update.odeen.eu,zeus (malware),abuse.ch
update.rifugiopontese.it,zeus (malware),abuse.ch
update.saintfrancoisath.be,zeus (malware),abuse.ch
update.timstackleshop.es,zeus (malware),abuse.ch
updateacces.org,zeus (malware),abuse.ch
updating-flash.cloudapp.net,zeus (malware),abuse.ch
uptight.su,zeus (malware),abuse.ch
valdmir.noriysha.ru,zeus (malware),abuse.ch
valntooglesakrundigk.pw,zeus (malware),abuse.ch
vankapetkavanis4.pw,zeus (malware),abuse.ch
vashadvokat.in.ua,zeus (malware),abuse.ch
vassabgg.pw,zeus (malware),abuse.ch
vegantravelshow.com,zeus (malware),abuse.ch
villaggiodiitaici.com.br,zeus (malware),abuse.ch
vinking.top,zeus (malware),abuse.ch
visit2013.in.ua,zeus (malware),abuse.ch
vlc-group.com,zeus (malware),abuse.ch
vodahelp.sytes.net,zeus (malware),abuse.ch
vuanongsan.vn,zeus (malware),abuse.ch
warriorinjapan.hostjava.net,zeus (malware),abuse.ch
wasabi.mine.nu,zeus (malware),abuse.ch
waserazer.pw,zeus (malware),abuse.ch
wayufilm.com,zeus (malware),abuse.ch
webspace.ph,zeus (malware),abuse.ch
webtahmin.com,zeus (malware),abuse.ch
weporsche.com,zeus (malware),abuse.ch
winhelptech.xyz,zeus (malware),abuse.ch
wor6.b6dfnahea.ns2.name,zeus (malware),abuse.ch
wvin.su,zeus (malware),abuse.ch
www.02level.tk,zeus (malware),abuse.ch
www.9mode-clothing-manufacturer.com,zeus (malware),abuse.ch
www.anothersideofpeace.org,zeus (malware),abuse.ch
www.antibasic.ga,zeus (malware),abuse.ch
www.basecinco.com.ar,zeus (malware),abuse.ch
www.bilbobaggins.comxa.com,zeus (malware),abuse.ch
www.connet.net.mx,zeus (malware),abuse.ch
www.cpro.moscow,zeus (malware),abuse.ch
www.demexsoft.com,zeus (malware),abuse.ch
www.dialogosdospovos.org,zeus (malware),abuse.ch
www.dracotec.org,zeus (malware),abuse.ch
www.gracefalcao.com,zeus (malware),abuse.ch
www.impm.upel.edu.ve,zeus (malware),abuse.ch
www.ipm.upel.edu.ve,zeus (malware),abuse.ch
www.jobdeliver.tk,zeus (malware),abuse.ch
www.jung201.tk,zeus (malware),abuse.ch
www.kelinac.com,zeus (malware),abuse.ch
www.mauritaniecoeur.org,zeus (malware),abuse.ch
www.mikewine.tk,zeus (malware),abuse.ch
www.mwebdesign.asia,zeus (malware),abuse.ch
www.nikey.cn,zeus (malware),abuse.ch
www.ohimmades.pw,zeus (malware),abuse.ch
www.orquestanacaona.cult.cu,zeus (malware),abuse.ch
www.osregio.de,zeus (malware),abuse.ch
www.perilshed.info,zeus (malware),abuse.ch
www.personxing.in.net,zeus (malware),abuse.ch
www.proacti.com.br,zeus (malware),abuse.ch
www.quadratus.fr,zeus (malware),abuse.ch
www.rimmugygur.is,zeus (malware),abuse.ch
www.riverwalktrader.co.za,zeus (malware),abuse.ch
www.sdspropro.co.ua,zeus (malware),abuse.ch
www.slapintins.publicvm.com,zeus (malware),abuse.ch
www.sunbrehden.top,zeus (malware),abuse.ch
www.tekyalhaja.xyz,zeus (malware),abuse.ch
www.teleeye.com.ph,zeus (malware),abuse.ch
www.webos.in,zeus (malware),abuse.ch
www.wecontrol-com.tk,zeus (malware),abuse.ch
www.wellness.co.rs,zeus (malware),abuse.ch
www.witkey.com,zeus (malware),abuse.ch
xbsezlmaha.loan,zeus (malware),abuse.ch
xclones.in.net,zeus (malware),abuse.ch
xpipemotoring.top,zeus (malware),abuse.ch
ya-aaaa123123.myjino.ru,zeus (malware),abuse.ch
yahoo-action.com,zeus (malware),abuse.ch
yamleg.fu8.com,zeus (malware),abuse.ch
z0bu.dynu.com,zeus (malware),abuse.ch
z3us1.z-ed.info,zeus (malware),abuse.ch
zabava-bel.ru,zeus (malware),abuse.ch
zetes.vdsinside.com,zeus (malware),abuse.ch
zhyravlik.ru,zeus (malware),abuse.ch
zs.technogatti.com,zeus (malware),abuse.ch
